ID,Title,Type,URL,Source,Learning Style,Time Commitment,Quality Rating,Rating Reasoning,Key Takeaway,Recommended For,Evidence
1,"Better Sustainability for Small Fashion Brands: The Ultimate Guide",Article,https://goodonyou.eco/better-sustainability-for-small-fashion-brands/,Good On You,Reading,15-30 min,4,"Highly relevant — written specifically for small sustainable fashion brands. Covers sourcing, storytelling, and certifications. Slightly less actionable on the DTC/budget side, but strong on sustainability foundations.","Small sustainable fashion brands should focus on transparent storytelling, responsible sourcing, and incremental sustainability improvements rather than trying to be perfect from day one.",Beginner,
2,"Make Your Own Clothing Brand on a Small Budget",Guide,https://www.arcusag.com/make-your-own-clothing-brand-on-a-small-budget/,Arcus Apparel Group,Reading,15-30 min,4,"Exceptionally actionable — breaks down budget allocation by category, compares four launch models (print-on-demand to cut-and-sew), and gives specific advice on starting with one hero product. Not sustainability-focused, but the budget tactics are directly transferable.","Start with a single hero product in one fabric family and 2-4 colors to minimize cash tied up in sampling and inventory. Choose your production model (POD, white label, private label, or cut-and-sew) based on your budget tier.",Beginner,
3,"How to Launch a Sustainable Fashion Brand from Home (Without Burning Out)",Article,https://www.insidefashiondesign.com/post/how-to-launch-a-sustainable-fashion-brand-from-home-without-burning-out,Inside Fashion Design,Reading,Under 15 min,4,"Hits the intersection of sustainable, budget-friendly, and solo-founder perfectly. Covers low-minimum suppliers, small-batch production, legal setup, and systems thinking. Practical without being overwhelming.","Build strong operational systems — legal, supplier vetting, production workflows — before focusing on aesthetics. Test vendor reliability early and use small-batch partners to maintain flexibility.",Beginner,
4,"How to Start a Clothing Brand in 14 Steps",Guide,https://www.shopify.com/uk/blog/206934729-how-to-start-a-clothing-line,Shopify,Reading,15-30 min,3,"Comprehensive step-by-step from a highly credible source, and regularly updated. However, it's a general clothing brand guide — not sustainability-specific and assumes a Shopify-centric approach. Good starting framework but needs supplementing.","Follow a structured launch sequence: identify your niche, research the market, build a business plan, source/design products, set pricing, build your online store, then market. Each step has specific sub-tasks to avoid overwhelm.",Beginner,
5,"How I'd Grow a Fashion Brand in 2025 with $0",Article,https://thefashionadvocate.com/blogs/sustainable-business/here-s-how-i-d-grow-a-fashion-brand-in-2025-with-0,The Fashion Advocate,Reading,Under 15 min,5,"Perfectly aligned — written by a sustainable fashion advocate, specifically about zero-budget growth, with authentic and current tactics for 2025. Founder-tested philosophy, not generic marketing advice. Directly speaks to the FounderFit audience.","People buy from people, not products. Show up consistently with authentic behind-the-scenes content, engage genuinely in DMs and comments, and treat social media as conversation rather than promotion — this outperforms paid ads for emerging sustainable brands.",Beginner,
6,"The Complete Guide to Starting a Sustainable Fashion Brand",Guide,https://www.talentedladiesclub.com/articles/the-complete-guide-to-starting-a-sustainable-fashion-brand/,Talented Ladies Club,Reading,15-30 min,3,"Good breadth covering ethics, sourcing, pricing, and positioning — all relevant to the challenge. But lacks depth on any single topic and doesn't go deep on budget constraints or DTC-specific strategies.","Start with a small capsule collection, source responsibly with certifications like GOTS or OEKO-TEX, and build transparency into your brand story from day one — 90% of consumers view sustainability-supporting companies positively.",Beginner,
7,"Launching a Sustainable Clothing Brand: Fabric Decisions, Deadstock & Upcycling",Guide,https://tegmade.com/resources/how-to-launch-a-sustainable-brand-part-i-fabric-decisions-deadstock-and-upcycling/,TEG International,Reading,15-30 min,5,"Deep expertise on the most budget-relevant sustainable sourcing strategies — deadstock and upcycling are inherently low-cost. Written by a manufacturer with production expertise. Addresses the exact intersection of sustainability and budget constraints.","Deadstock and upcycled fabrics are both more sustainable and more budget-friendly than virgin materials. Understanding fabric decisions early — deadstock vs. organic vs. recycled — shapes your entire cost structure and brand positioning.",Beginner to Intermediate,
8,"Starter Tech Stack Ideas for New Direct-to-Consumer Fashion Brands",Article,https://ecommercefastlane.com/direct-to-consumer-fashion-tech-stack-starter-ideas/,Ecommerce Fastlane,Reading,Under 15 min,3,"Useful framework for choosing tools without overspending — relevant to budget-conscious founders. Not sustainability-specific, but the 'start lean' philosophy and five-pillar structure help prevent costly tech bloat that sinks small brands.","Build your tech stack around five core pillars — storefront, marketing, support, analytics, and product discovery — and start lean with integrated tools rather than copying the bloated setups of larger brands.",Beginner to Intermediate,
9,"Pantee: How This Brand Uses Deadstock to Upcycle the Fashion Industry",Case Study,https://www.shopify.com/blog/pantee-upcycling-fashion,Shopify,Reading,Under 15 min,5,"The ideal case study for this audience — two sisters bootstrapping a sustainable underwear brand from deadstock t-shirts, validated via Kickstarter before investing in inventory. Covers the exact journey from idea to launch on a small budget.","Validate your sustainable fashion concept before investing heavily — Pantee used Kickstarter to fund their first collection of deadstock underwear, reaching half their goal in one day. Extensive customer research before launch de-risks the investment.",Beginner,
10,"ANIÁN: Efficiency Meets Ethics — Inventory Management for Sustainable Fashion",Case Study,https://www.shopify.com/blog/case-study-anian,Shopify,Reading,Under 15 min,4,"Strong operational depth — shows how a recycled-fiber brand manages 10,000+ SKUs across channels. More relevant for founders scaling past the initial launch, but the inventory management principles apply early. Highly credible real-world example.","As a sustainable brand grows across multiple sales channels, disciplined inventory management becomes critical — ANIÁN's system for tracking recycled natural fiber products across 150+ retail locations shows how operational efficiency and ethics can coexist.",Intermediate,
11,"One Founder's Playbook for Scaling an Ethically-Made Fashion Brand (Buttercream Clothing)",Case Study,https://www.shopify.com/blog/buttercream-clothing-facebook-groups,Shopify,Reading,Under 15 min,4,"Directly relevant — a stay-at-home mom building an ethical, locally-produced brand using free community channels (Facebook Groups). Demonstrates budget-friendly marketing through community rather than paid ads. Authentic founder story.","Facebook Groups and community-driven marketing can replace paid advertising for ethical fashion brands. Buttercream Clothing grew by building genuine relationships with customers who shared the brand's values around fair wages and low waste.",Beginner,
12,"How Encircled Rebuilt to Bounce Back from Stagnant Sales",Case Study,https://www.shopify.com/blog/encircled-operations,Shopify,Reading,Under 15 min,3,"More about operational turnaround than initial launch, so less directly relevant to first-time founders. But offers valuable lessons on what can go wrong and how to restructure a sustainable brand when growth stalls — useful as a cautionary/learning resource.","Sustainable fashion brands can hit a wall when operational complexity outpaces systems. Encircled's turnaround shows that 'doing more with less' applies to business operations too — simplifying your product line and operations can reignite growth.",Intermediate,
13,"How to Build a Profitable DTC Brand (Marine Layer, MeUndies, Trinny London)",Case Study,https://www.businessoffashion.com/case-studies/direct-to-consumer/how-to-build-profitable-dtc-brand-marine-layer-trinny-london-meundies/,Business of Fashion,Reading,15-30 min,4,"Deep strategic analysis of DTC profitability from the most authoritative fashion business publication. Covers unit economics and channel mix — critical for budget-conscious founders. Not sustainability-specific, but the financial discipline translates directly. May require BoF subscription.","Profitable DTC brands obsess over unit economics from the first order, re-engage existing customers rather than constantly acquiring new ones, and balance online sales with selective physical retail to reduce customer acquisition costs.",Intermediate to Advanced,
14,"Content Marketing Strategy for Sustainable Fashion Brands (How to Be Consistent Without Burning Out)",Video,https://www.youtube.com/watch?v=HH-REzI4ICA,YouTube,Visual,15-30 min,4,"Directly addresses sustainable fashion content creation — the #1 free marketing channel for budget founders. The burnout angle is highly relevant since solo founders often abandon content efforts. Practical batch-production framework.","Create content pillars aligned with your sustainable brand values and batch-produce content one month in advance. This system prevents the burnout that causes most solo founders to abandon their content marketing efforts.",Beginner,
15,"Build a 7-Figure Fashion Brand With Just $5,000 — No Ads, No Investors (Allegra Shaw)",Video,https://www.youtube.com/watch?v=1qujqSDpfQo,Allegra Shaw / Shopify,Visual,15-30 min,5,"The single most relevant video resource — a real founder who bootstrapped a sustainable fashion brand from $5K to seven figures with zero paid ads and no investors. Covers manufacturer sourcing, MOQ negotiation, demand validation, and community-to-customer conversion. Founder-led and deeply actionable.","You can build a seven-figure fashion brand starting with just $5,000 by finding manufacturers directly (Allegra knocked on factory doors), negotiating small MOQs, validating demand through your community before scaling inventory, and converting organic audience trust into sales without paid advertising.",Beginner,
16,"Recloseted Radio Podcast",Podcast,https://podfollow.com/recloseted-radio/view,Recloseted,Audio,"30-60 min per episode, ongoing",5,"The most directly relevant ongoing podcast — specifically for launching and scaling sustainable fashion brands. Covers zero-budget marketing, certifications, greenwashing, regulations, and features real founder interviews. A long-term learning companion, not a one-time resource.","Sustainable fashion entrepreneurship requires ongoing learning across marketing, certifications, supply chain, and regulations. Recloseted Radio provides a steady stream of tactical advice and founder stories specific to this exact niche.",Beginner to Intermediate,
17,"Conscious Chatter Podcast",Podcast,https://consciouschatter.com/,Conscious Chatter,Audio,"30-60 min per episode, ongoing",3,"The first global sustainable fashion podcast with strong credibility and expert guests. However, it's broader in scope — covering the conscious fashion movement generally rather than the specific business tactics of building a DTC brand on a budget. Better for mindset and industry awareness than execution.","Understanding the broader sustainable fashion ecosystem — from maker perspectives to industry trends — helps founders position their brands authentically and avoid common missteps like greenwashing.",Beginner,
18,"Building a Sustainable Fashion Brand Without Raising Money (Lauren Stephens, Dudley Stephens)",Podcast Episode,https://thepowerfulladies.com/podcast/episode-153-lauren-stephens,Powerful Ladies Podcast,Audio,30-60 min,4,"Directly addresses the 'no funding' constraint that defines our audience. Lauren Stephens built Dudley Stephens into a values-driven brand without external capital, navigating supply chain challenges along the way. Real founder credibility, specific to sustainable fashion.","Building a sustainable fashion brand without outside funding is possible but requires disciplined reinvestment of revenue, creative supply chain problem-solving, and the patience to grow at the pace your cash flow allows rather than chasing rapid scale.",Beginner to Intermediate,
19,"Maker's Row — Manufacturing Sourcing Platform",Tool,https://makersrow.com/,Maker's Row,Hands-on,"1-2 hours setup, ongoing",4,"Practical sourcing platform with 20,000+ vetted US factories, including ethical manufacturers. Features blog content on ethical sourcing (e.g., Lazlo menswear case study). Trusted by 250,000+ brands. Small brands can search by flexible MOQs. Not exclusively sustainable but supports ethical manufacturing discovery.","Finding the right manufacturer is one of the biggest hurdles for new fashion founders. Maker's Row lets you search vetted US factories by capability and connect directly, helping you find partners with flexible minimums who align with ethical production values.",Beginner to Intermediate,
20,"Klaviyo — Email & SMS Marketing for Fashion Ecommerce",Tool,https://klaviyo.com/marketing-resources/fashion-ecommerce-guide,Klaviyo,Hands-on,"1-2 hours setup, ongoing",4,"Proven by sustainable fashion brands: Brava Fabrics (fair-trade, 76% YoY email revenue growth), Boody (sustainable bamboo apparel, 87x ROI), and Ad Hoc Atelier (slow fashion, 23% of revenue via Klaviyo). Free tier available. Email delivers 122% avg ROI for ecommerce — critical for budget-constrained founders who can't rely on paid ads.","Email marketing is the highest-ROI channel for DTC fashion brands, outperforming paid advertising. Sustainable brands like Brava Fabrics generate 60% of their email revenue from automated flows (welcome series, abandoned cart, post-purchase), making it a 'set up once, earn repeatedly' system.",Beginner to Intermediate,"https://www.klaviyo.com/customers/case-studies/brava-fabrics | https://www.klaviyo.com/au/customers/case-studies/boody | https://www.klaviyo.com/uk/customers/case-studies/ad-hoc-atelier-email-revenue"
21,"Fashion Revolution — Free Resources & Transparency Index",Industry Resource,https://www.fashionrevolution.org/resources/all-resources/,Fashion Revolution,Reading,"30-60 min, ongoing",4,"Essential industry knowledge for any sustainable fashion founder. The Transparency Index benchmarks 250+ brands and the free open-source educational materials help founders understand what real transparency looks like. Not DTC-specific or budget-focused, but foundational for credibility.","Transparency is the baseline expectation in sustainable fashion — 96% of major brands still don't disclose living wage data. As a small brand, being genuinely transparent about your supply chain from day one is both a competitive advantage and a moral imperative.",Beginner,
22,"Good On You — Ethical Brand Ratings Directory",Directory,https://goodonyou.eco/,Good On You,Hands-on,"30-60 min, ongoing",3,"Primarily a consumer-facing ratings directory, but valuable for founders as a competitive benchmarking tool — understand how brands in your space are rated across up to 1,000 data points. Helps you understand what sustainability standards consumers expect. Less directly actionable for building a brand.","Use Good On You to benchmark your sustainability practices against competitors and understand the rating criteria (labor, environment, animal welfare) that conscious consumers use to evaluate brands. Aim to meet or exceed the standards of top-rated brands in your category.",Beginner to Intermediate,
23,"Global Fashion Agenda — Trailblazer Programme 2026",Accelerator Program,https://globalfashionagenda.org/news-article/trailblazer-programme-2026-calling-fashions-next-generation-of-innovators/,Global Fashion Agenda & PDS Ventures,Hands-on,10+ hours,4,"A genuine funding and mentorship opportunity — up to $200K investment plus exhibition at the Global Fashion Summit. Highly competitive and seasonal, but exactly the kind of accelerator sustainable fashion founders should know about. The application process itself forces useful strategic thinking.","Dedicated accelerators for sustainable fashion innovation exist and offer real funding (up to $200K), mentorship, and industry exposure. Even if you don't win, the application process forces you to articulate your innovation, business model, and impact — valuable strategic work.",Intermediate,
24,"Common Thread Collective — Coach's Corner (DTC Growth Blog)",Blog / Resource Hub,https://commonthreadco.com/blogs/coachs-corner,Common Thread Collective,Reading,"Under 15 min per article, ongoing",3,"Strong tactical DTC content backed by $4.4B in client revenue data. The Coach's Corner blog covers growth strategies, ad performance, and ecommerce KPIs. Not sustainability-specific, but the DTC growth frameworks and benchmarking data are useful for any founder serious about their numbers.","Sustainable fashion founders still need to master DTC fundamentals — customer acquisition cost, lifetime value, and channel economics. CTC's data-driven approach helps you benchmark your performance against 300+ ecommerce brands and identify growth levers.",Intermediate to Advanced,
